Település;Lakosság
Budapest;1675370
Aszód;6193
Bag;3954
Domony;2268
Galgahévíz;2638
Galgamácsa;1924
Hévízgyörk;3266
Iklad;2070
Kartal;6015
Tura;7786
Vácegres;924
Verseg;1337
Biatorbágy;14072
Budajenő;2159
Budakeszi;15252
Budaörs;29815
Herceghalom;2668
Nagykovácsi;8651
Páty;8081
Perbál;2143
Remeteszőlős;1051
Telki;4361
Tök;1397
Zsámbék;5748
Abony;14895
Albertirsa;13288
Cegléd;36868
Ceglédbercel;4378
Csemő;4684
Dánszentmiklós;2891
Jászkarajenő;2656
Kőröstetétlen;794
Mikebuda;734
Tápiószőlős;3007
Törtel;4269
Újszilvás;2737
Bugyi;5391
Dabas;17253
Hernád;4242
Inárcs;4721
Kakucs;3114
Örkény;5082
Pusztavacs;1333
Táborfalva;3510
Tatárszentgyörgy;2018
Újhartyán;2807
Újlengyel;1756
Csomád;1722
Dunakeszi;43765
Fót;20702
Göd;21418
Diósd;10885
Érd;69789
Pusztazámor;1223
Sóskút;3548
Százhalombatta;18854
Tárnok;10243
Törökbálint;14376
Csömör;9900
Dány;4521
Erdőkertes;8973
Gödöllő;31956
Isaszeg;11610
Kerepes;10679
Kistarcsa;13338
Mogyoród;7247
Nagytarcsa;5159
Pécel;16732
Szada;5627
Vácszentlászló;2146
Valkó;2504
Veresegyház;19820
Zsámbok;2527
Alsónémedi;5413
Felsőpakony;3859
Gyál;24806
Ócsa;9865
Bénye;1273
Csévharaszt;2053
Gomba;3125
Gyömrő;19243
Káva;658
Monor;18807
Monorierdő;4917
Nyáregyháza;3864
Pánd;1995
Péteri;2502
Pilis;12182
Vasad;1995
Farmos;3542
Kóka;4568
Mende;4165
Nagykáta;12565
Sülysáp;8515
Szentlőrinckáta;1966
Szentmártonkáta;4981
Tápióbicske;3690
Tápiógyörgye;3631
Tápióság;2795
Tápiószecső;6308
Tápiószele;6268
Tápiószentmárton;5663
Tóalmás;3837
Úri;2648
Kocsér;1806
Nagykőrös;23847
Nyársapát;2160
Pilisborosjenő;3997
Piliscsaba;8356
Pilisjászfalu;1768
Pilisszántó;2655
Pilisszentiván;4467
Pilisvörösvár;14746
Solymár;11291
Tinnye;1860
Üröm;8096
Apaj;1177
Áporka;1273
Dömsöd;6079
Kiskunlacháza;9197
Lórév;323
Makád;1268
Ráckeve;10682
Szigetbecse;1432
Szigetcsép;2550
Szigetszentmárton;2410
Szigetújfalu;2251
Budakalász;11601
Csobánka;3538
Dunabogdány;3255
Kisoroszi;987
Leányfalu;3951
Pilisszentkereszt;2179
Pilisszentlászló;1271
Pócsmegyer;2658
Pomáz;18294
Szentendre;28385
Szigetmonostor;2856
Tahitótfalu;6067
Visegrád;1808
Délegyháza;5157
Dunaharaszti;23387
Dunavarsány;8522
Halásztelek;11623
Majosháza;1735
Szigethalom;18479
Szigetszentmiklós;39952
Taksony;6489
Tököl;10506
Bernecebaráti;826
Ipolydamásd;423
Ipolytölgyes;320
Kemence;928
Kismaros;2459
Kóspallag;726
Letkés;1167
Márianosztra;807
Nagybörzsöny;687
Nagymaros;5162
Perőcsény;323
Szob;2621
Szokolya;1969
Tésa;97
Vámosmikola;1521
Verőce;3919
Zebegény;1280
Acsa;1374
Csörög;2202
Csővár;645
Galgagyörk;987
Kisnémedi;745
Kosd;2479
Őrbottyán;7702
Penc;1547
Püspökhatvan;1403
Püspökszilágy;736
Rád;1912
Sződ;3054
Sződliget;4659
Vác;34010
Vácduka;1699
Váchartyán;1873
Váckisújfalu;475
Vácrátót;1927
Ecser;4083
Maglód;12761
Üllő;12470
Vecsés;21424
Alcsútdoboz;1482
Bicske;12548
Bodmér;235
Csabdi;1294
Csákvár;5324
Etyek;4427
Felcsút;1923
Gánt;801
Mány;2495
Óbarok;822
Szár;1724
Tabajd;1018
Újbarok;440
Vértesacsa;1908
Vértesboglár;899
Adony;4033
Baracs;3595
Beloiannisz;1148
Besnyő;1751
Daruszentmiklós;1291
Dunaújváros;44589
Előszállás;2354
Iváncsa;2841
Kisapostag;1462
Kulcs;3468
Mezőfalva;4760
Nagykarácsony;1378
Nagyvenyim;4251
Perkáta;4019
Pusztaszabolcs;6050
Rácalmás;4841
Dég;2174
Enying;6779
Kisláng;2545
Lajoskomárom;2184
Lepsény;3129
Mátyásdomb;752
Mezőkomárom;965
Mezőszentgyörgy;1364
Szabadhídvég;849
Gárdony;12006
Kápolnásnyék;3984
Nadap;656
Pákozd;3454
Pázmánd;2219
Sukoró;1777
Szabadegyháza;2137
Velence;6720
Vereb;794
Zichyújfalu;935
Baracska;2833
Ercsi;8436
Gyúró;1294
Kajászó;1163
Martonvásár;5752
Ráckeresztúr;3537
Tordas;2113
Vál;2616
Bakonycsernye;3175
Balinka;948
Bodajk;4044
Csákberény;1182
Csókakő;1498
Fehérvárcsurgó;2057
Isztimér;904
Kincsesbánya;1526
Magyaralmás;1648
Mór;13931
Nagyveleg;647
Pusztavám;2553
Söréd;555
Alap;1949
Alsószentiván;571
Cece;2577
Hantos;956
Igar;909
Mezőszilas;2105
Nagylók;1064
Sárbogárd;12100
Sáregres;706
Sárkeresztúr;2634
Sárszentágota;1364
Vajta;885
Aba;4645
Bakonykúti;162
Csór;1947
Csősz;1045
Füle;885
Iszkaszentgyörgy;2208
Jenő;1268
Káloz;2392
Kőszárhegy;1610
Lovasberény;2727
Moha;569
Nádasdladány;1804
Pátka;1772
Polgárdi;6929
Sárkeresztes;1530
Sárkeszi;587
Sárosd;3298
Sárszentmihály;3139
Seregélyes;4491
Soponya;1838
Szabadbattyán;4746
Székesfehérvár;95714
Tác;1763
Úrhida;2610
Zámoly;2392
Annavölgy;955
Bajna;1945
Bajót;1651
Csolnok;3253
Dág;929
Dorog;11888
Dömös;1224
Epöl;641
Esztergom;29393
Kesztölc;2774
Lábatlan;5054
Leányvár;1871
Máriahalom;678
Mogyorósbánya;875
Nagysáp;1483
Nyergesújfalu;7515
Piliscsév;2543
Pilismarót;2123
Sárisáp;2809
Süttő;2034
Tát;5493
Tokod;4246
Tokodaltáró;3073
Úny;753
Ácsteszér;680
Aka;259
Ászár;1721
Bakonybánk;439
Bakonysárkány;990
Bakonyszombathely;1400
Bársonyos;761
Császár;1944
Csatka;223
Csép;354
Ete;606
Kerékteleki;707
Kisbér;5564
Réde;1297
Súr;1235
Tárkány;1496
Vérteskethely;605
Ács;7207
Almásfüzitő;2097
Bábolna;3494
Bana;1626
Csém;420
Kisigmánd;533
Komárom;19171
Mocsa;2144
Nagyigmánd;2892
Bokod;2213
Dad;1038
Kecskéd;2104
Kömlőd;1101
Oroszlány;18675
Szákszend;1485
Baj;2908
Dunaalmás;1671
Dunaszentmiklós;498
Kocs;2592
Naszály;2435
Neszmély;1376
Szomód;2306
Tardos;1727
Tata;23082
Vértestolna;573
Gyermely;1537
Héreg;1069
Környe;4731
Szárliget;2540
Szomor;1141
Tarján;2654
Tatabánya;68140
Várgesztes;638
Vértessomló;1393
Vértesszőlős;3448
Ajka;28123
Csehbánya;309
Farkasgyepű;361
Halimba;1228
Kislőd;1253
Magyarpolány;1340
Nyirád;1947
Öcs;209
Szőc;446
Úrkút;2068
Városlőd;1352
Balatonakarattya;965
Balatonalmádi;9911
Balatonfőkajár;1362
Balatonfűzfő;4467
Balatonkenese;2724
Csajág;853
Felsőörs;1880
Királyszentistván;513
Küngös;546
Litér;2275
Papkeszi;1611
Alsóörs;1958
Aszófő;467
Balatonakali;706
Balatoncsicsó;257
Balatonfüred;13562
Balatonszepezd;431
Balatonszőlős;660
Balatonudvari;389
Csopak;2195
Dörgicse;307
Lovas;501
Monoszló;122
Óbudavár;66
Örvényes;153
Paloznak;554
Pécsely;592
Szentantalfa;517
Szentjakabfa;117
Tagyon;104
Tihany;1351
Vászoly;272
Zánka;1010
Adorjánháza;409
Apácatorna;172
Borszörcsök;385
Csögle;624
Dabrony;460
Devecser;4425
Doba;453
Egeralja;215
Iszkáz;340
Kamond;422
Karakószörcsök;286
Kerta;565
Kisberzseny;108
Kiscsősz;115
Kispirit;71
Kisszőlős;152
Kolontár;747
Nagyalásony;510
Nagypirit;259
Noszlop;1004
Oroszi;147
Pusztamiske;462
Somlójenő;294
Somlószőlős;646
Somlóvásárhely;1175
Somlóvecse;85
Tüskevár;575
Vid;142
Adásztevel;840
Bakonyjákó;723
Bakonykoppány;219
Bakonypölöske;418
Bakonyság;74
Bakonyszentiván;223
Bakonyszücs;287
Bakonytamási;617
Béb;272
Békás;215
Csót;989
Dáka;640
Döbrönte;293
Egyházaskesző;527
Ganna;274
Gecse;402
Gic;362
Homokbödöge;677
Kemeneshőgyész;498
Kemenesszentpéter;611
Kup;456
Külsővat;741
Lovászpatona;1183
Magyargencs;495
Malomsok;523
Marcalgergelyi;367
Marcaltő;754
Mezőlak;982
Mihályháza;731
Nagyacsád;654
Nagydém;351
Nagygyimót;560
Nagytevel;554
Nemesgörzsöny;650
Nemesszalók;846
Németbánya;123
Nóráp;215
Nyárád;930
Pápa;29797
Pápadereske;286
Pápakovácsi;569
Pápasalamon;366
Pápateszér;1231
Takácsi;865
Ugod;1313
Vanyola;580
Várkesző;178
Vaszar;1534
Vinár;230
Bazsi;459
Bodorfa;100
Csabrendek;3083
Dabronc;470
Gógánfa;797
Gyepükaján;361
Hetyefő;88
Hosztót;67
Káptalanfa;817
Megyer;35
Nemeshany;368
Rigács;200
Sümeg;6073
Sümegprága;608
Szentimrefalva;205
Ukk;337
Veszprémgalsa;276
Zalaerdőd;260
Zalagyömörő;406
Zalameggyes;59
Zalaszegvár;162
Ábrahámhegy;570
Badacsonytomaj;2162
Badacsonytördemic;925
Balatonederics;1030
Balatonhenye;135
Balatonrendes;165
Gyulakeszi;711
Hegyesd;175
Hegymagas;278
Kapolcs;387
Káptalantóti;497
Kékkút;67
Kisapáti;358
Kővágóörs;755
Köveskál;362
Lesencefalu;323
Lesenceistvánd;991
Lesencetomaj;1119
Mindszentkálla;249
Monostorapáti;1165
Nemesgulács;999
Nemesvita;347
Raposka;269
Révfülöp;1188
Salföld;70
Sáska;290
Szentbékkálla;212
Szigliget;931
Taliándörögd;678
Tapolca;15500
Uzsa;323
Vigántpetend;203
Zalahaláp;1283
Berhida;5899
Jásd;699
Ősi;2075
Öskü;2275
Pétfürdő;4716
Tés;863
Várpalota;20167
Vilonya;681
Bánd;689
Barnag;148
Eplény;512
Hajmáskér;3105
Hárskút;679
Herend;3494
Hidegkút;481
Márkó;1594
Mencshely;274
Nagyvázsony;1838
Nemesvámos;3032
Pula;193
Sóly;541
Szentgál;2813
Szentkirályszabadja;2102
Tótvázsony;1418
Veszprém;55247
Veszprémfajsz;254
Vöröstó;92
Bakonybél;1161
Bakonynána;1025
Bakonyoszlop;472
Bakonyszentkirály;838
Borzavár;761
Csesznek;526
Csetény;1844
Dudar;1746
Lókút;481
Nagyesztergár;1173
Olaszfalu;1058
Pénzesgyőr;325
Porva;502
Szápár;500
Zirc;6725
Acsalag;484
Bágyogszovát;1359
Barbacs;768
Bodonhely;320
Bogyoszló;622
Bősárkány;2117
Cakóháza;54
Csorna;9932
Dör;608
Egyed;536
Farád;1939
Jobaháza;552
Kóny;2748
Maglóca;111
Magyarkeresztúr;459
Markotabödöge;483
Páli;467
Pásztori;403
Potyond;104
Rábacsanak;511
Rábapordány;985
Rábasebes;95
Rábaszentandrás;456
Rábatamási;1020
Rábcakapi;170
Sobor;282
Sopronnémeti;302
Szany;2189
Szil;1392
Szilsárkány;739
Tárnokréti;202
Vág;526
Zsebeháza;155
Abda;3312
Bezi;535
Bőny;2242
Börcs;1352
Dunaszeg;2254
Dunaszentpál;745
Enese;1786
Fehértó;490
Gönyű;3308
Győr;124287
Győrladamér;1837
Győrság;1545
Győrsövényház;814
Győrújbarát;7404
Győrújfalu;2240
Győrzámoly;3358
Ikrény;1940
Kajárpéc;1280
Kisbajcs;908
Koroncó;2472
Kunsziget;1303
Mezőörs;945
Mosonszentmiklós;2541
Nagybajcs;1028
Nagyszentjános;1848
Nyúl;4505
Öttevény;3095
Pér;2565
Rábapatona;2599
Rétalap;607
Sokorópátka;1127
Tényő;1719
Töltéstava;2526
Vámosszabadi;3490
Vének;183
Agyagosszergény;936
Babót;1107
Beled;2554
Cirák;544
Dénesfa;408
Edve;117
Gyóró;380
Himod;669
Hövej;337
Kapuvár;10014
Kisfalud;723
Mihályi;1089
Osli;896
Rábakecöl;703
Répceszemere;274
Szárföld;1050
Vadosfa;94
Vásárosfalu;165
Veszkény;961
Vitnyéd;1417
Ásványráró;2062
Bezenye;1435
Darnózseli;1606
Dunakiliti;2015
Dunaremete;248
Dunasziget;1721
Feketeerdő;632
Halászi;3213
Hédervár;1285
Hegyeshalom;3704
Jánossomorja;6065
Károlyháza;568
Kimle;2312
Kisbodak;369
Lébény;3311
Levél;2070
Lipót;782
Máriakálnok;2049
Mecsér;640
Mosonmagyaróvár;32256
Mosonszolnok;1825
Mosonudvar;443
Püski;642
Rajka;3868
Újrónafő;862
Várbalog;396
Bakonygyirót;158
Bakonypéterd;303
Bakonyszentlászló;1766
Écs;2066
Fenyőfő;117
Győrasszonyfa;531
Lázi;545
Nyalka;478
Pannonhalma;3506
Pázmándfalu;1092
Ravazd;1276
Románd;322
Sikátor;335
Táp;742
Tápszentmiklós;945
Tarjánpuszta;420
Veszprémvarsány;1053
Ágfalva;2402
Csáfordjánosfa;230
Csapod;582
Csér;36
Ebergőc;164
Egyházasfalu;873
Fertőboz;304
Fertőd;3310
Fertőendréd;628
Fertőhomok;864
Fertőrákos;2289
Fertőszentmiklós;3832
Fertőszéplak;1300
Gyalóka;75
Harka;2694
Hegykő;1591
Hidegség;452
Iván;1264
Kópháza;2111
Lövő;1417
Nagycenk;2272
Nagylózs;1043
Nemeskér;194
Pereszteg;1475
Petőháza;1079
Pinnye;359
Pusztacsalád;283
Répcevis;337
Röjtökmuzsaj;425
Sarród;947
Sopron;58053
Sopronhorpács;840
Sopronkövesd;1287
Szakony;451
Újkér;1009
Und;342
Völcsej;403
Zsira;864
Árpás;270
Csikvánd;500
Felpéc;977
Gyarmat;1368
Gyömöre;1249
Győrszemere;3359
Kisbabot;250
Mérges;111
Mórichida;830
Rábacsécsény;609
Rábaszentmihály;495
Rábaszentmiklós;143
Szerecseny;807
Tét;4109
Boba;825
Borgáta;204
Celldömölk;10429
Csönge;405
Duka;255
Egyházashetye;320
Jánosháza;2492
Karakó;215
Keléd;83
Kemeneskápolna;100
Kemenesmagasi;895
Kemenesmihályfa;512
Kemenespálfa;402
Kemenessömjén;563
Kemenesszentmárton;213
Kenyeri;835
Kissomlyó;239
Köcsk;255
Mersevát;590
Mesteri;272
Nagysimonyi;972
Nemeskeresztúr;297
Nemeskocs;319
Ostffyasszonyfa;784
Pápoc;299
Szergény;291
Tokorcs;359
Vönöck;727
Bajánsenye;489
Csákánydoroszló;1719
Daraboshegy;99
Döbörhegy;145
Döröske;106
Egyházashollós;547
Egyházasrádóc;1294
Felsőjánosfa;199
Felsőmarác;252
Halastó;87
Halogy;269
Harasztifalu;166
Hegyháthodász;156
Hegyhátsál;146
Hegyhátszentjakab;266
Hegyhátszentmárton;70
Ispánk;110
Ivánc;656
Katafa;344
Kemestaródfa;235
Kercaszomor;229
Kerkáskápolna;70
Kisrákos;180
Körmend;10951
Magyarnádalja;255
Magyarszecsőd;434
Magyarszombatfa;269
Molnaszecsőd;411
Nádasd;1335
Nagykölked;158
Nagymizdó;116
Nagyrákos;269
Nemesrempehollós;265
Őrimagyarósd;230
Őriszentpéter;1157
Pankasz;445
Pinkamindszent;179
Rádóckölked;288
Szaknyér;53
Szalafő;202
Szarvaskend;223
Szatta;69
Szőce;336
Vasalja;339
Velemér;75
Viszák;264
Bozsok;367
Bük;3537
Cák;278
Csepreg;3246
Gyöngyösfalu;1101
Horvátzsidány;820
Iklanberény;54
Kiszsidány;97
Kőszeg;11500
Kőszegdoroszló;249
Kőszegpaty;195
Kőszegszerdahely;521
Lócs;132
Lukácsháza;1095
Nemescsó;300
Ólmod;118
Peresznye;635
Pusztacsó;162
Tormásliget;292
Tömörd;282
Velem;394
Bejcgyertyános;420
Bő;731
Bögöt;400
Bögöte;322
Chernelházadamonya;230
Csánig;339
Csénye;709
Gérce;1164
Gór;314
Hegyfalu;759
Hosszúpereszteg;644
Ikervár;1736
Jákfa;497
Káld;1030
Kenéz;278
Megyehíd;313
Meggyeskovácsi;685
Mesterháza;160
Nagygeresd;273
Nemesládony;139
Nick;536
Nyőgér;343
Ölbő;738
Pecöl;777
Porpác;142
Pósfa;265
Rábapaty;1680
Répcelak;2607
Répceszentgyörgy;118
Sajtoskál;379
Sárvár;14508
Simaság;539
Sitke;741
Sótony;638
Szeleste;663
Tompaládony;321
Uraiújfalu;825
Vámoscsalád;303
Vásárosmiske;352
Vasegerszeg;354
Vashosszúfalu;358
Zsédeny;215
Alsószölnök;351
Apátistvánfalva;400
Csörötnek;873
Felsőszölnök;578
Gasztony;441
Kétvölgy;109
Kondorfa;507
Magyarlak;802
Nemesmedves;27
Orfalu;80
Rábagyarmat;740
Rátót;235
Rönök;409
Szakonyfalu;378
Szentgotthárd;8474
Vasszentmihály;339
Acsád;652
Balogunyom;1163
Bozzai;294
Bucsu;584
Csempeszkopács;318
Dozmat;272
Felsőcsatár;479
Gencsapáti;2680
Gyanógeregye;156
Horvátlövő;201
Ják;2571
Kisunyom;452
Meszlen;214
Nárai;1514
Narda;496
Nemesbőd;650
Nemeskolta;379
Perenye;676
Pornóapáti;354
Rábatöttös;231
Rum;1137
Salköveskút;485
Sé;1414
Sorkifalud;665
Sorkikápolna;244
Sorokpolány;810
Söpte;817
Szentpéterfa;1023
Szombathely;76085
Tanakajd;734
Táplánszentkereszt;2597
Torony;2026
Vasasszonyfa;378
Vaskeresztes;340
Vassurány;789
Vasszécseny;1349
Vasszilvágy;416
Vát;670
Vép;3337
Zsennye;102
Alsóújlak;579
Andrásfa;233
Bérbaltavár;519
Csehi;244
Csehimindszent;366
Csipkerek;341
Egervölgy;348
Gersekarát;677
Győrvár;633
Hegyhátszentpéter;153
Kám;472
Mikosszéplak;320
Nagytilaj;151
Olaszfa;379
Oszkó;628
Pácsony;292
Petőmihályfa;212
Püspökmolnári;883
Rábahídvég;958
Sárfimizdó;102
Szemenye;342
Telekes;514
Vasvár;4102
Alsópáhok;1494
Balatongyörök;1386
Bókaháza;300
Cserszegtomaj;3419
Dióskál;488
Egeraracsa;310
Esztergályhorváti;435
Felsőpáhok;727
Gétye;112
Gyenesdiás;4073
Hévíz;4699
Karmacs;760
Keszthely;19116
Ligetfalva;57
Nemesbük;800
Rezi;1421
Sármellék;1865
Szentgyörgyvár;339
Vállus;125
Várvölgy;1048
Vindornyafok;137
Vindornyalak;83
Vindornyaszőlős;339
Vonyarcvashegy;2606
Zalaapáti;1689
Zalacsány;1036
Zalaköveskút;30
Zalaszántó;959
Zalaszentmárton;73
Zalavár;938
Alsószenterzsébet;54
Baglad;42
Barlahida;132
Belsősárd;94
Bödeháza;50
Csesztreg;844
Csömödér;611
Dobri;166
Felsőszenterzsébet;17
Gáborjánháza;73
Gosztola;70
Hernyék;82
Iklódbördőce;311
Kálócfa;155
Kányavár;134
Kerkabarabás;303
Kerkafalva;116
Kerkakutas;118
Kerkateskánd;172
Kissziget;187
Kozmadombja;39
Külsősárd;70
Lendvadedes;34
Lendvajakabfa;49
Lenti;7843
Lovászi;1158
Magyarföld;54
Márokföld;63
Mikekarácsonyfa;340
Nemesnép;134
Nova;774
Ortaháza;109
Páka;1120
Pórszombat;276
Pördefölde;59
Pusztaapáti;27
Ramocsa;41
Rédics;915
Resznek;271
Szécsisziget;211
Szentgyörgyvölgy;391
Szijártóháza;29
Szilvágy;192
Tormafölde;349
Tornyiszentmiklós;522
Zalabaksa;628
Zalaszombatfa;49
Zebecke;69
Bánokszentgyörgy;606
Bázakerettye;759
Becsehely;2024
Borsfa;707
Bucsuta;215
Csörnyeföld;421
Kerkaszentkirály;234
Kiscsehi;183
Kistolmács;172
Lasztonya;66
Letenye;4010
Lispeszentadorján;300
Maróc;76
Molnári;689
Murarátka;240
Muraszemenye;506
Oltárc;262
Petrivente;351
Pusztamagyaród;546
Semjénháza;566
Szentliszló;290
Szentmargitfalva;77
Tótszentmárton;813
Tótszerdahely;1081
Valkonya;69
Várfölde;218
Zajk;247
Alsórajk;324
Balatonmagyaród;484
Belezna;697
Bocska;303
Börzönce;47
Csapi;164
Eszteregnye;673
Felsőrajk;737
Fityeház;627
Fűzvölgy;141
Galambok;1348
Garabonc;701
Gelse;1052
Gelsesziget;262
Hahót;1025
Homokkomárom;219
Hosszúvölgy;185
Kacorlak;202
Kerecseny;265
Kilimán;222
Kisrécse;189
Liszó;379
Magyarszentmiklós;263
Magyarszerdahely;508
Miháld;776
Murakeresztúr;1712
Nagybakónak;408
Nagykanizsa;46279
Nagyrada;501
Nagyrécse;1101
Nemespátró;276
Orosztony;436
Pat;201
Pölöskefő;393
Pötréte;292
Rigyác;405
Sand;380
Sormás;875
Surd;591
Szepetnek;1540
Újudvar;962
Zalakaros;2655
Zalakomár;2921
Zalamerenye;187
Zalasárszeg;135
Zalaszabar;583
Zalaszentbalázs;815
Zalaszentjakab;324
Zalaújlak;107
Alibánfa;434
Almásháza;91
Alsónemesapáti;682
Babosdöbréte;517
Bagod;1248
Bak;1603
Baktüttös;361
Becsvölgye;774
Bezeréd;154
Bocfölde;1181
Boncodfölde;347
Böde;283
Búcsúszentlászló;760
Csatár;531
Csertalakos;46
Csonkahegyhát;336
Csöde;89
Dobronhegy;140
Egervár;1021
Gellénháza;1537
Gombosszeg;52
Gősfa;306
Gutorfölde;965
Gyűrűs;98
Hagyárosbörönd;299
Hottó;348
Iborfia;11
Kávás;243
Kemendollár;495
Keménfa;86
Kisbucsa;431
Kiskutas;201
Kispáli;276
Kustánszeg;467
Lakhegy;458
Lickóvadamos;184
Milejszeg;319
Misefa;281
Nagykapornak;908
Nagykutas;460
Nagylengyel;491
Nagypáli;545
Nemesapáti;517
Nemeshetés;278
Nemesrádó;334
Nemessándorháza;327
Nemesszentandrás;266
Németfalu;199
Orbányosfa;116
Ormándlak;101
Ozmánbük;187
Pacsa;1666
Padár;117
Pálfiszeg;169
Pethőhenye;431
Petrikeresztúr;366
Pókaszepetk;940
Pölöske;846
Pusztaederics;170
Pusztaszentlászló;552
Salomvár;597
Sárhida;782
Söjtör;1525
Szentkozmadombja;61
Szentpéterfölde;139
Szentpéterúr;1037
Teskánd;1166
Tilaj;179
Tófej;682
Vasboldogasszony;544
Vaspör;336
Vöckönd;88
Zalaboldogfa;361
Zalacséb;495
Zalaegerszeg;56959
Zalaháshágy;371
Zalaigrice;117
Zalaistvánd;363
Zalalövő;2861
Zalaszentgyörgy;416
Zalaszentiván;1028
Zalaszentlőrinc;278
Zalaszentmihály;998
Zalatárnok;615
Batyk;403
Döbröce;85
Dötk;47
Kallósd;99
Kehidakustány;1093
Kisgörbő;196
Kisvásárhely;49
Mihályfa;351
Nagygörbő;159
Óhíd;533
Pakod;851
Sénye;65
Sümegcsehi;622
Szalapa;188
Tekenye;467
Türje;1614
Zalabér;753
Zalaszentgrót;6391
Zalaszentlászló;789
Zalavég;340
Babarc;751
Belvárdgyula;408
Bóly;3739
Borjád;431
Hásságy;306
Kisbudmér;112
Liptód;217
Máriakéménd;507
Monyoród;180
Nagybudmér;156
Olasz;630
Pócsa;176
Szajk;814
Szederkény;1734
Töttös;555
Versend;969
Ág;187
Alsómocsolád;324
Bakóca;300
Baranyajenő;482
Baranyaszentgyörgy;132
Felsőegerszeg;122
Gerényes;253
Gödre;824
Kisbeszterce;83
Kishajmás;204
Kisvaszar;346
Mágocs;2290
Mekényes;282
Meződ;116
Mindszentgodisa;854
Nagyhajmás;328
Palé;103
Sásd;3082
Szágy;131
Tarrós;108
Tékes;253
Tormás;280
Varga;81
Vásárosdombó;1108
Vázsnok;134
Bikal;718
Bodolyabér;240
Egyházaskozár;748
Hegyhátmaróc;154
Kárász;333
Komló;24608
Köblény;219
Liget;414
Magyaregregy;751
Magyarhertelend;637
Magyarszék;1037
Mánfa;793
Máza;1237
Mecsekpölöske;429
Oroszló;287
Szalatnak;320
Szárász;47
Szászvár;2328
Tófű;127
Vékény;140
Bár;555
Bezedek;241
Dunaszekcső;1879
Erdősmárok;92
Feked;211
Görcsönydoboka;372
Himesháza;1033
Homorúd;575
Ivándárda;238
Kisnyárád;193
Kölked;1026
Lánycsók;2500
Lippó;509
Majs;956
Maráza;193
Mohács;18648
Nagynyárád;697
Palotabozsok;841
Sárok;119
Sátorhely;648
Somberek;1461
Szebény;355
Székelyszabar;582
Szűr;269
Udvar;135
Véménd;1415
Abaliget;685
Aranyosgadány;377
Áta;199
Bakonya;395
Berkesd;876
Birján;530
Bogád;1148
Bosta;147
Cserkút;634
Egerág;1013
Ellend;229
Görcsöny;1577
Gyód;740
Hosszúhetény;3451
Husztót;64
Keszü;1433
Kisherend;214
Kovácsszénája;87
Kozármisleny;6576
Kökény;688
Kővágószőlős;1338
Kővágótöttös;350
Lothárd;262
Magyarsarlós;294
Nagykozár;2080
Ócsárd;417
Orfű;1111
Pécs;146721
Pécsudvard;811
Pellérd;2374
Pereked;163
Pogány;1338
Regenye;168
Romonya;542
Szalánta;1178
Szemely;476
Szilágy;290
Szilvás;153
Szőke;139
Szőkéd;379
Apátvarasd;133
Erdősmecske;357
Erzsébet;302
Fazekasboda;203
Geresdlak;777
Hidas;2108
Kátoly;294
Kékesd;185
Lovászhetény;307
Martonfa;233
Mecseknádasd;1582
Nagypall;387
Óbánya;146
Ófalu;350
Pécsvárad;3998
Szellő;152
Zengővárkony;435
Adorjás;191
Baksa;792
Baranyahídvég;198
Besence;118
Bogádmindszent;458
Bogdása;259
Csányoszró;627
Drávafok;530
Drávaiványi;193
Drávakeresztúr;132
Drávasztára;410
Felsőszentmárton;854
Gilvánfa;396
Hegyszentmárton;397
Hirics;270
Kákics;209
Kemse;63
Kisasszonyfa;213
Kisszentmárton;263
Kórós;218
Lúzsok;238
Magyarmecske;337
Magyartelek;208
Markóc;65
Marócsa;79
Nagycsány;135
Okorág;165
Ózdfalu;152
Páprád;160
Piskó;268
Sámod;197
Sellye;2684
Sósvertike;178
Tengeri;47
Téseny;329
Vajszló;1766
Vejti;158
Zaláta;247
Alsószentmárton;1238
Babarcszőlős;124
Beremend;2414
Bisse;235
Cún;221
Csarnóta;144
Diósviszló;696
Drávacsehi;188
Drávacsepely;213
Drávapalkonya;264
Drávapiski;99
Drávaszabolcs;691
Drávaszerdahely;181
Egyházasharaszti;348
Garé;304
Gordisa;311
Harkány;5022
Illocska;272
Ipacsfa;207
Ivánbattyán;117
Kásád;298
Kémes;479
Kisdér;123
Kisharsány;494
Kisjakabfalva;127
Kiskassa;252
Kislippó;301
Kistapolca;195
Kistótfalu;307
Kovácshida;264
Lapáncsa;175
Magyarbóly;922
Márfa;215
Márok;432
Matty;332
Nagyharsány;1474
Nagytótfalu;343
Old;341
Palkonya;278
Pécsdevecser;115
Peterd;220
Rádfalva;203
Siklós;9631
Siklósbodony;161
Siklósnagyfalu;460
Szaporca;232
Szava;330
Tésenfa;201
Túrony;279
Újpetre;1046
Villány;2260
Villánykövesd;265
Vokány;874
Bicsérd;1058
Boda;432
Bükkösd;1122
Cserdi;383
Csonkamindszent;180
Dinnyeberki;89
Gerde;552
Gyöngyfa;158
Helesfa;472
Hetvehely;470
Kacsóta;286
Királyegyháza;946
Okorvölgy;89
Pécsbagota;102
Sumony;469
Szabadszentkirály;835
Szentdénes;324
Szentkatalin;113
Szentlőrinc;6473
Velény;138
Zók;288
Almamellék;452
Almáskeresztúr;83
Bánfa;204
Basal;206
Boldogasszonyfa;434
Botykapeterd;348
Bürüs;95
Csebény;115
Csertő;415
Dencsháza;592
Endrőc;356
Gyöngyösmellék;317
Hobol;969
Horváthertelend;60
Ibafa;216
Katádfa;157
Kétújfalu;711
Kisdobsza;260
Kistamási;143
Magyarlukafa;94
Merenye;273
Molvány;171
Mozsgó;939
Nagydobsza;612
Nagypeterd;679
Nagyváty;326
Nemeske;223
Nyugotszenterzsébet;245
Patapoklosi;363
Pettend;198
Rózsafa;354
Somogyapáti;494
Somogyhárságy;439
Somogyhatvan;366
Somogyviszló;252
Szentegát;376
Szentlászló;823
Szigetvár;10341
Szörény;77
Szulimán;249
Teklafalu;333
Tótszentgyörgy;155
Várad;135
Vásárosbéc;221
Zádor;339
Babócsa;1478
Barcs;10843
Bélavár;333
Bolhó;739
Csokonyavisonta;1573
Darány;928
Drávagárdony;155
Drávatamási;393
Heresznye;272
Homokszentgyörgy;1071
Istvándi;596
Kálmáncsa;592
Kastélyosdombó;212
Komlósd;174
Lad;605
Lakócsa;584
Patosfa;242
Péterhida;167
Potony;198
Rinyaújlak;321
Rinyaújnép;51
Somogyaracs;189
Szentborbás;127
Szulok;620
Tótújfalu;249
Vízvár;516
Berzence;2443
Csurgó;4885
Csurgónagymarton;175
Gyékényes;985
Iharos;512
Iharosberény;1314
Inke;1241
Őrtilos;480
Pogányszentpéter;507
Porrog;214
Porrogszentkirály;287
Porrogszentpál;84
Somogybükkösd;84
Somogycsicsó;151
Somogyudvarhely;1013
Szenta;403
Zákány;1106
Zákányfalu;525
Balatonboglár;5837
Balatonfenyves;2218
Balatonlelle;4879
Buzsák;1545
Fonyód;5179
Gamás;744
Gyugy;329
Hács;369
Karád;1560
Kisberény;212
Látrány;1411
Lengyeltóti;3111
Ordacsehi;866
Öreglak;1533
Pamuk;293
Somogybabod;465
Somogytúr;480
Somogyvámos;779
Somogyvár;1713
Szőlősgyörök;1303
Visz;200
Alsóbogát;266
Bárdudvarnok;1177
Baté;782
Bodrog;399
Bőszénfa;508
Büssü;436
Cserénfa;215
Csoma;449
Csombárd;266
Csököly;1042
Ecseny;227
Edde;203
Felsőmocsolád;391
Fonó;326
Gadács;101
Gálosfa;240
Gige;405
Gölle;863
Hajmás;253
Hedrehely;389
Hencse;332
Hetes;1160
Igal;1516
Jákó;633
Juta;1181
Kadarkút;2445
Kaposfő;1583
Kaposgyarmat;91
Kaposhomok;480
Kaposkeresztúr;349
Kaposmérő;2447
Kaposszerdahely;1032
Kaposújlak;708
Kaposvár;62611
Kazsok;326
Kercseliget;389
Kisasszond;184
Kisgyalán;239
Kiskorpád;908
Kőkút;527
Magyaratád;805
Magyaregres;602
Mernye;1296
Mezőcsokonya;1243
Mike;635
Mosdós;900
Nagybajom;3172
Nagyberki;1446
Orci;552
Osztopán;795
Pálmajor;345
Patalom;325
Patca;61
Polány;271
Ráksi;455
Rinyakovácsi;173
Sántos;500
Simonfa;376
Somodor;409
Somogyaszaló;754
Somogyfajsz;542
Somogygeszti;439
Somogyjád;1562
Somogysárd;1295
Somogyszil;709
Szabadi;308
Szenna;779
Szentbalázs;311
Szentgáloskér;530
Szilvásszentmárton;198
Taszár;1982
Újvárfalva;257
Várda;456
Visnye;242
Zimány;550
Zselickisfalud;248
Zselickislak;422
Zselicszentpál;423
Balatonberény;1198
Balatonkeresztúr;1713
Balatonmáriafürdő;793
Balatonszentgyörgy;1700
Balatonújlak;497
Böhönye;2269
Csákány;321
Csömend;301
Főnyed;84
Gadány;347
Hollád;261
Hosszúvíz;57
Kelevíz;354
Kéthely;2323
Libickozma;39
Marcali;11380
Mesztegnyő;1305
Nagyszakácsi;460
Nemesdéd;826
Nemeskisfalud;126
Nemesvid;745
Nikla;770
Pusztakovácsi;866
Sávoly;503
Somogysámson;729
Somogysimonyi;109
Somogyszentpál;812
Somogyzsitfa;579
Szegerdő;222
Szenyér;336
Szőkedencs;264
Tapsony;679
Táska;415
Tikos;142
Varászló;160
Vése;732
Vörs;518
Bakháza;178
Beleg;622
Bolhás;415
Görgeteg;1131
Háromfa;709
Kaszó;99
Kisbajom;420
Kutas;1431
Lábod;1881
Nagyatád;10392
Nagykorpád;552
Ötvöskónyi;918
Rinyabesenyő;206
Rinyaszentkirály;401
Segesd;2448
Somogyszob;1517
Szabás;594
Tarany;1156
Ádánd;2158
Balatonendréd;1347
Balatonföldvár;2344
Balatonőszöd;549
Balatonszabadi;2969
Balatonszárszó;2254
Balatonszemes;1826
Balatonvilágos;1477
Bálványos;608
Kereki;543
Kőröshegy;1420
Kötcse;544
Nagyberény;1345
Nagycsepely;378
Nyim;337
Pusztaszemes;389
Ságvár;1914
Siófok;25043
Siójut;661
Som;694
Szántód;698
Szólád;589
Teleki;226
Zamárdi;2632
Andocs;1055
Bábonymegyer;817
Bedegkér;403
Bonnya;248
Fiad;133
Kánya;432
Kapoly;635
Kára;61
Kisbárapáti;400
Lulla;221
Miklósi;216
Nágocs;619
Sérsekszőlős;142
Somogyacsa;178
Somogydöröcske;138
Somogyegres;196
Somogymeggyes;480
Szorosad;101
Tab;4321
Tengőd;449
Torvaj;254
Törökkoppány;413
Zala;242
Zics;337
Aparhant;1010
Bátaapáti;410
Bonyhád;12906
Bonyhádvarasd;448
Cikó;904
Felsőnána;616
Grábóc;171
Györe;660
Izmény;494
Kakasd;1681
Kéty;713
Kisdorog;714
Kismányok;338
Kisvejke;420
Lengyel;520
Mórágy;737
Mőcsény;343
Mucsfa;344
Murga;59
Nagymányok;2273
Nagyvejke;150
Tevel;1356
Váralja;806
Závod;291
Zomba;2041
Attala;780
Csibrák;300
Csikóstőttős;851
Dalmand;1254
Dombóvár;18396
Döbrököz;1975
Gyulaj;962
Jágónak;239
Kapospula;861
Kaposszekcső;1524
Kocsola;1251
Kurd;1134
Lápafő;168
Nak;536
Szakcs;851
Várong;143
Bikács;421
Bölcske;2746
Dunaföldvár;8489
Dunaszentgyörgy;2552
Gerjen;1241
Györköny;1007
Kajdacs;1151
Madocsa;1908
Nagydorog;2642
Németkér;1724
Paks;18439
Pálfa;1502
Pusztahencse;1043
Sárszentlőrinc;1043
Tengelic;2169
Alsónána;713
Alsónyék;720
Báta;1600
Bátaszék;6475
Decs;4149
Harc;862
Kistormás;333
Kölesd;1487
Medina;792
Őcsény;2417
Pörböly;552
Sárpilis;642
Sióagárd;1285
Szálka;652
Szedres;2153
Szekszárd;32126
Várdomb;1174
Belecska;356
Diósberény;324
Dúzs;232
Értény;729
Felsőnyék;1084
Fürged;713
Gyönk;1732
Hőgyész;2763
Iregszemcse;2622
Kalaznó;151
Keszőhidegkút;208
Kisszékely;312
Koppányszántó;327
Magyarkeszi;1170
Miszla;276
Mucsi;469
Nagykónyi;1048
Nagyszékely;422
Nagyszokoly;871
Ozora;1662
Pári;662
Pincehely;2158
Regöly;1115
Simontornya;3889
Szakadát;242
Szakály;1284
Szárazd;276
Tamási;8037
Tolnanémedi;998
Udvari;320
Újireg;293
Varsád;372
Bogyiszló;2156
Fácánkert;692
Fadd;4218
Tolna;11500
Bodroghalom;1339
Cigánd;3192
Dámóc;385
Karcsa;1847
Karos;514
Kisrozvágy;260
Lácacséke;330
Nagyrozvágy;677
Pácin;1510
Révleányvár;470
Ricse;1842
Semjén;551
Tiszacsermely;547
Tiszakarád;2462
Zemplénagárd;742
Abod;180
Balajt;502
Becskeháza;36
Bódvalenke;290
Bódvarákó;116
Bódvaszilas;1026
Boldva;2423
Borsodszirák;1217
Damak;261
Debréte;18
Edelény;9892
Égerszög;56
Galvács;92
Hangács;576
Hegymeg;117
Hidvégardó;567
Irota;84
Komjáti;198
Ládbesenyő;271
Lak;688
Martonyi;409
Meszes;169
Nyomár;314
Perkupa;818
Rakaca;949
Rakacaszend;346
Szakácsi;187
Szalonna;996
Szendrő;4136
Szendrőlád;2199
Szin;848
Szinpetri;217
Szögliget;593
Szőlősardó;109
Szuhogy;1101
Teresztenye;24
Tomor;239
Tornabarakony;23
Tornakápolna;25
Tornanádaska;794
Tornaszentandrás;184
Tornaszentjakab;208
Varbóc;67
Viszló;69
Ziliz;397
Alsógagy;93
Baktakék;802
Beret;296
Büttös;174
Csenyéte;534
Csobád;695
Detek;262
Encs;6352
Fáj;482
Fancsal;345
Felsőgagy;227
Forró;2700
Fulókércs;434
Gagyapáti;56
Garadna;353
Hernádpetri;269
Hernádszentandrás;419
Hernádvécse;1102
Ináncs;1173
Kány;57
Keresztéte;36
Krasznokvajda;504
Litka;48
Méra;1676
Novajidrány;1340
Perecse;23
Pusztaradvány;225
Szalaszend;1054
Szemere;430
Abaújalpár;69
Abaújkér;604
Abaújszántó;2935
Abaújvár;234
Arka;83
Baskó;197
Boldogkőújfalu;627
Boldogkőváralja;989
Felsődobsza;930
Fony;314
Gibárt;352
Gönc;1971
Göncruszka;652
Hejce;249
Hernádbűd;139
Hernádcéce;248
Hernádszurdok;180
Hidasnémeti;1105
Kéked;189
Korlát;314
Mogyoróska;81
Pányok;65
Pere;320
Regéc;87
Sima;49
Telkibánya;600
Tornyosnémeti;535
Vilmány;1470
Vizsoly;893
Zsujta;178
Alacska;749
Alsótelekes;149
Bánhorváti;1386
Berente;1145
Dédestapolcsány;1440
Felsőtelekes;722
Izsófalva;1741
Kazincbarcika;27227
Kurityán;1550
Mályinka;469
Múcsony;2978
Nagybarca;892
Ormosbánya;1599
Rudabánya;2557
Rudolftelep;724
Sajógalgóc;344
Sajóivánka;654
Sajókaza;3112
Sajószentpéter;12252
Szuhakálló;988
Tardona;1026
Vadna;637
Ároktő;1148
Gelej;582
Hejőpapi;1141
Igrici;1196
Mezőcsát;5932
Tiszadorogma;390
Tiszakeszi;2627
Tiszatarján;1400
Bogács;2080
Borsodgeszt;295
Borsodivánka;671
Bükkábrány;1641
Bükkzsérc;971
Cserépfalu;947
Cserépváralja;403
Csincse;560
Egerlövő;548
Kács;493
Mezőkeresztes;3685
Mezőkövesd;16410
Mezőnagymihály;1012
Mezőnyárád;1619
Négyes;283
Sály;1744
Szentistván;2400
Szomolya;1569
Tard;1149
Tibolddaróc;1350
Tiszabábolna;343
Tiszavalk;297
Vatta;865
Alsózsolca;5770
Arnót;2454
Berzék;1023
Bőcs;2778
Bükkaranyos;1538
Bükkszentkereszt;1167
Emőd;4993
Felsőzsolca;6738
Gesztely;2722
Harsány;2036
Hernádkak;1665
Hernádnémeti;3607
Kisgyőr;1667
Kistokaj;2282
Kondó;597
Köröm;1558
Mályi;4254
Miskolc;157544
Nyékládháza;5165
Onga;4955
Ónod;2414
Parasznya;1177
Radostyán;577
Répáshuta;431
Sajóbábony;2674
Sajóecseg;1039
Sajóhídvég;1171
Sajókápolna;397
Sajókeresztúr;1520
Sajólád;3028
Sajólászlófalva;441
Sajópálfala;720
Sajópetri;1565
Sajósenye;399
Sajóvámos;2132
Sóstófalva;253
Szirmabesenyő;4312
Újcsanálos;874
Varbó;1082
Arló;3843
Borsodbóta;853
Borsodnádasd;3135
Borsodszentgyörgy;1193
Bükkmogyorósd;131
Csernely;755
Csokvaomány;809
Domaháza;854
Farkaslyuk;1948
Hangony;1533
Járdánháza;1793
Kissikátor;305
Lénárddaróc;259
Nekézseny;651
Ózd;34686
Sáta;1150
Uppony;282
Aggtelek;537
Alsószuha;442
Bánréve;1234
Dövény;269
Dubicsány;275
Felsőkelecsény;363
Felsőnyárád;984
Gömörszőlős;81
Hét;469
Imola;102
Jákfalva;512
Jósvafő;257
Kánó;153
Kelemér;492
Királd;766
Putnok;6909
Ragály;625
Sajómercse;236
Sajónémeti;501
Sajópüspöki;541
Sajóvelezd;782
Serényfalva;1016
Szuhafő;138
Trizs;205
Zádorfalva;490
Zubogy;535
Bodrogolaszi;898
Erdőhorváti;583
Györgytarló;573
Háromhuta;134
Hercegkút;667
Kenézlő;1215
Komlóska;276
Makkoshotyka;847
Olaszliszka;1653
Sárazsadány;241
Sárospatak;12164
Tolcsva;1726
Vajdácska;1275
Vámosújfalu;721
Viss;628
Zalkod;215
Alsóberecki;738
Alsóregmec;196
Bózsva;196
Felsőberecki;281
Felsőregmec;364
Filkeháza;104
Füzér;395
Füzérkajata;118
Füzérkomlós;315
Füzérradvány;324
Hollóháza;829
Kishuta;294
Kovácsvágás;645
Mikóháza;539
Nagyhuta;60
Nyíri;403
Pálháza;1073
Pusztafalu;211
Sátoraljaújhely;14803
Vágáshuta;115
Vilyvitány;257
Alsódobsza;308
Bekecs;2429
Golop;569
Legyesbénye;1509
Mád;2112
Megyaszó;2721
Mezőzombor;2419
Monok;1508
Prügy;2549
Rátka;928
Szerencs;9109
Taktaharkány;3621
Taktakenéz;1203
Taktaszada;1944
Tállya;1792
Tiszalúc;5079
Abaújlak;89
Abaújszolnok;201
Alsóvadász;1569
Aszaló;1843
Felsővadász;567
Gadna;352
Gagybátor;224
Gagyvendégi;210
Halmaj;1668
Hernádkércs;311
Homrogd;913
Kázsmárk;1045
Kiskinizs;339
Kupa;172
Léh;449
Monaj;261
Nagykinizs;335
Nyésta;75
Pamlény;52
Rásonysápberencs;544
Selyeb;501
Szászfa;113
Szentistvánbaksa;277
Szikszó;5590
Girincs;893
Hejőbába;1917
Hejőkeresztúr;1042
Hejőkürt;277
Hejőszalonta;828
Kesznyéten;1814
Kiscsécs;196
Muhi;493
Nagycsécs;829
Nemesbikk;926
Oszlár;360
Sajóörös;1491
Sajószöged;2337
Szakáld;472
Tiszapalkonya;1457
Tiszaújváros;16213
Bodrogkeresztúr;1030
Bodrogkisfalud;900
Csobaj;682
Erdőbénye;1109
Szegi;324
Szegilong;248
Taktabáj;577
Tarcal;2810
Tiszaladány;608
Tiszatardos;251
Tokaj;3824
Balaton;1044
Bekölce;667
Bélapátfalva;2831
Bükkszentmárton;327
Mikófalva;697
Mónosbél;391
Nagyvisnyó;956
Szilvásvárad;1547
Andornaktálya;2755
Bátor;360
Demjén;613
Eger;51980
Egerbakta;1471
Egerbocs;551
Egercsehi;1329
Egerszalók;1968
Egerszólát;1117
Feldebrő;994
Felsőtárkány;3555
Hevesaranyos;589
Kerecsend;2378
Maklár;2461
Nagytálya;896
Noszvaj;1907
Novaj;1365
Ostoros;2790
Szarvaskő;392
Szúcs;398
Tarnaszentmária;240
Verpelét;3890
Aldebrő;700
Besenyőtelek;2649
Dormánd;1000
Egerfarmos;689
Füzesabony;7693
Kál;3495
Kápolna;1552
Kompolt;2012
Mezőszemere;1139
Mezőtárkány;1618
Nagyút;691
Poroszló;2816
Sarud;1147
Szihalom;2023
Tófalu;599
Újlőrincfalva;211
Abasár;2465
Adács;2653
Atkár;1817
Detk;1142
Domoszló;1948
Gyöngyös;28587
Gyöngyöshalász;2655
Gyöngyösoroszi;1525
Gyöngyöspata;2500
Gyöngyössolymos;2928
Gyöngyöstarján;2268
Halmajugra;1389
Karácsond;2988
Kisnána;994
Ludas;752
Markaz;1717
Mátraszentimre;470
Nagyfüged;1771
Nagyréde;3294
Pálosvörösmart;642
Szűcsi;1524
Vámosgyörk;2029
Vécs;658
Visonta;1280
Visznek;1096
Apc;2460
Boldog;2993
Csány;2161
Ecséd;3189
Hatvan;20538
Heréd;1891
Hort;3630
Kerekharaszt;984
Lőrinci;5614
Nagykökényes;575
Petőfibánya;2618
Rózsaszentmárton;1974
Zagyvaszántó;1894
Átány;1561
Boconád;1291
Erdőtelek;3359
Erk;915
Heves;10481
Hevesvezekény;690
Kisköre;2800
Kömlő;2035
Pély;1459
Tarnabod;752
Tarnaméra;1603
Tarnaörs;1803
Tarnaszentmiklós;821
Tarnazsadány;1316
Tenk;1214
Tiszanána;2476
Zaránk;456
Bodony;730
Bükkszék;664
Bükkszenterzsébet;1018
Erdőkövesd;642
Fedémes;299
Istenmezeje;1408
Ivád;385
Kisfüzes;131
Mátraballa;757
Mátraderecske;1838
Parád;1973
Parádsasvár;418
Pétervására;2174
Recsk;2735
Sirok;1743
Szajla;605
Szentdomonkos;519
Tarnalelesz;1672
Terpes;192
Váraszó;480
Balassagyarmat;14819
Becske;558
Bercel;1708
Cserháthaláp;387
Cserhátsurány;770
Csesztve;339
Csitár;402
Debercsény;76
Dejtár;1443
Drégelypalánk;1439
Érsekvadkert;3645
Galgaguta;608
Herencsény;551
Hont;512
Hugyag;862
Iliny;161
Ipolyszög;628
Ipolyvece;819
Magyarnándor;1111
Mohora;981
Nógrádkövesd;650
Nógrádmarcal;479
Őrhalom;1002
Patak;906
Patvarc;740
Szanda;602
Szécsénke;200
Szügy;1476
Terény;367
Bátonyterenye;12207
Dorogháza;1016
Mátramindszent;766
Mátranovák;1642
Mátraterenye;1793
Mátraverebély;1879
Nemti;723
Szuha;522
Alsótold;225
Bér;374
Bokor;112
Buják;2066
Csécse;903
Cserhátszentiván;109
Ecseg;1175
Egyházasdengeleg;427
Erdőkürt;541
Erdőtarcsa;519
Felsőtold;131
Garáb;43
Héhalom;1041
Jobbágyi;1993
Kálló;1574
Kisbágyon;420
Kozárd;168
Kutasó;101
Mátraszőlős;1508
Palotás;1619
Pásztó;8989
Szarvasgede;398
Szirák;1119
Szurdokpüspöki;1873
Tar;1878
Vanyarc;1205
Alsópetény;589
Bánk;715
Berkenye;682
Borsosberény;934
Diósjenő;2972
Felsőpetény;593
Horpács;174
Keszeg;706
Kétbodony;460
Kisecset;178
Legénd;490
Nagyoroszi;2028
Nézsa;1180
Nógrád;1622
Nógrádsáp;933
Nőtincs;1188
Ősagárd;332
Pusztaberki;165
Rétság;2751
Romhány;2175
Szátok;564
Szendehely;1629
Szente;328
Tereske;691
Tolmács;763
Bárna;995
Cered;1060
Egyházasgerge;702
Etes;1352
Ipolytarnóc;444
Karancsalja;1513
Karancsberény;797
Karancskeszi;1809
Karancslapujtő;2558
Karancsság;1297
Kazár;1734
Kisbárkány;151
Kishartyán;561
Litke;820
Lucfalva;637
Márkháza;252
Mátraszele;918
Mihálygerge;550
Nagybárkány;642
Nagykeresztúr;255
Rákóczibánya;654
Ságújfalu;994
Salgótarján;34877
Sámsonháza;285
Somoskőújfalu;2216
Sóshartyán;914
Szilaspogony;325
Vizslás;1307
Zabar;464
Endrefalva;1224
Hollókő;339
Ludányhalászi;1466
Magyargéc;846
Nagylóc;1496
Nógrádmegyer;1648
Nógrádsipek;710
Nógrádszakál;680
Piliny;606
Rimóc;1657
Szalmatercs;468
Szécsény;5677
Szécsényfelfalu;401
Varsány;1588
Balmazújváros;17583
Egyek;5278
Hortobágy;1416
Tiszacsege;4653
Újszentmargita;1464
Ártánd;643
Bakonszeg;1190
Bedő;371
Berekböszörmény;1999
Berettyóújfalu;14846
Biharkeresztes;4431
Bojt;591
Csökmő;1962
Darvas;566
Furta;1148
Gáborján;889
Hencida;1203
Komádi;5495
Körösszakál;815
Körösszegapáti;1060
Magyarhomorog;879
Mezőpeterd;645
Mezősas;674
Nagykereki;1385
Szentpéterszeg;1109
Told;398
Újiráz;521
Váncsod;1162
Vekerd;118
Zsáka;1578
Debrecen;201081
Hajdúsámson;14443
Derecske;8682
Esztár;1449
Hajdúbagos;2074
Hosszúpályi;5907
Kismarja;1312
Kokad;676
Konyár;2237
Létavértes;7560
Mikepércs;4977
Monostorpályi;2166
Pocsaj;2768
Sáránd;2365
Tépe;1057
Hajdúböszörmény;30704
Hajdúdorog;8946
Bocskaikert;3693
Hajdúhadház;13462
Téglás;6427
Folyás;305
Görbeháza;2369
Hajdúnánás;16961
Polgár;8129
Tiszagyulaháza;713
Újtikos;874
Ebes;4762
Hajdúszoboszló;24329
Hajdúszovát;3163
Nádudvar;8757
Nagyhegyes;2872
Álmosd;1843
Bagamér;2564
Fülöp;1748
Nyírábrány;3874
Nyíracsád;3803
Nyíradony;7865
Nyírmártonfalva;1998
Újléta;1126
Vámospércs;5569
Báránd;2567
Bihardancsháza;179
Biharnagybajom;2750
Bihartorda;966
Földes;3986
Kaba;5867
Nagyrábé;2098
Püspökladány;14387
Sáp;955
Sárrétudvari;2939
Szerep;1556
Tetétlen;1353
Alattyán;2023
Jánoshida;2561
Jászalsószentgyörgy;3414
Jászapáti;8646
Jászdózsa;2134
Jászivány;404
Jászkisér;5292
Jászladány;5640
Jászszentandrás;2476
Jászágó;709
Jászárokszállás;7684
Jászberény;26044
Jászboldogháza;1695
Jászfelsőszentgyörgy;1842
Jászfényszaru;5804
Jászjákóhalma;2907
Jásztelek;1543
Pusztamonostor;1597
Berekfürdő;1336
Karcag;19849
Kenderes;4450
Kisújszállás;10948
Kunmadaras;5450
Abádszalók;4257
Kunhegyes;7727
Tiszabő;2271
Tiszabura;3206
Tiszagyenda;1043
Tiszaroff;1693
Tomajmonostora;746
Cibakháza;3952
Csépa;1684
Cserkeszőlő;2325
Kunszentmárton;8031
Nagyrév;667
Öcsöd;3220
Szelevény;1016
Tiszaföldvár;10802
Tiszainoka;414
Tiszakürt;1366
Tiszasas;1078
Kétpó;638
Mesterszállás;668
Mezőhék;342
Mezőtúr;16820
Túrkeve;8657
Besenyszög;3301
Csataszög;314
Hunyadfalva;207
Kőtelek;1562
Martfű;6356
Nagykörű;1646
Rákóczifalva;5440
Rákócziújfalu;1976
Szajol;3857
Szászberek;993
Szolnok;69643
Tiszajenő;1571
Tiszasüly;1517
Tiszavárkony;1577
Tószeg;4521
Újszász;6204
Vezseny;663
Zagyvarékas;3724
Nagyiván;1093
Tiszaderzs;1166
Tiszafüred;11411
Tiszaigar;802
Tiszaörs;1343
Tiszaszentimre;1992
Tiszaszőlős;1511
Fegyvernek;6683
Kengyel;3492
Kuncsorba;585
Örményes;1008
Tiszapüspöki;2091
Tiszatenyő;1635
Törökszentmiklós;20764
Baktalórántháza;3786
Besenyőd;841
Laskod;932
Levelek;2992
Magy;908
Nyíribrony;1164
Nyírjákó;862
Nyírkércs;763
Ófehértó;2606
Petneháza;1749
Ramocsaháza;1501
Rohod;1270
Csenger;5119
Csengersima;809
Csengerújfalu;968
Komlódtótfalu;148
Pátyod;699
Porcsalma;2835
Szamosangyalos;806
Szamosbecs;411
Szamostatárfalva;331
Tyukod;2057
Ura;644
Botpalád;915
Cégénydányád;663
Csaholc;666
Császló;388
Csegöld;721
Darnó;186
Fehérgyarmat;7990
Fülesd;463
Gacsály;1020
Garbolc;150
Gyügye;295
Hermánszeg;290
Jánkmajtis;1793
Kérsemjén;319
Kisar;1108
Kishódos;92
Kisnamény;310
Kispalád;919
Kisszekeres;558
Kölcse;1431
Kömörő;605
Magosliget;332
Mánd;322
Méhtelek;794
Milota;998
Nábrád;906
Nagyar;676
Nagyhódos;152
Nagyszekeres;555
Nemesborzova;121
Olcsvaapáti;318
Panyola;568
Penyige;788
Rozsály;772
Sonkád;883
Szamossályi;752
Szamosújlak;412
Szatmárcseke;1646
Tiszabecs;1550
Tiszacsécse;263
Tiszakóród;809
Tisztaberek;707
Tivadar;204
Tunyogmatolcs;2518
Túristvándi;786
Túrricse;702
Uszka;596
Vámosoroszi;567
Zajta;465
Zsarolyán;436
Balsa;735
Buj;2286
Gávavencsellő;3518
Ibrány;6914
Nagyhalász;5760
Paszab;1289
Tiszabercel;1841
Tiszatelek;1378
Berkesz;772
Beszterec;1009
Demecser;4282
Gégény;1920
Kék;2033
Kemecse;5024
Nyírbogdány;2938
Nyírtét;1012
Székely;1093
Tiszarád;614
Vasmegyer;1742
Ajak;3725
Anarcs;2027
Dombrád;4077
Döge;2281
Fényeslitke;2536
Gyulaháza;1956
Jéke;757
Kékcse;1582
Kisvárda;16844
Lövőpetri;518
Mezőladány;1058
Nyírkarász;2285
Nyírlövő;684
Nyírtass;1989
Pap;1926
Pátroha;3120
Rétközberencs;1176
Szabolcsbáka;1157
Szabolcsveresmart;1499
Tiszakanyár;1648
Tornyospálca;2730
Újdombrád;695
Újkenéz;1019
Fábiánháza;1866
Fülpösdaróc;352
Géberjén;485
Győrtelek;1731
Hodász;3318
Jármi;1272
Kántorjánosi;2121
Kocsord;3014
Mátészalka;16724
Mérk;2191
Nagydobos;2266
Nagyecsed;6413
Nyírcsaholy;2317
Nyírkáta;2095
Nyírmeggyes;2670
Nyírparasznya;974
Ópályi;3238
Ököritófülpös;1847
Őr;1524
Papos;859
Rápolt;162
Szamoskér;415
Szamosszeg;1885
Tiborszállás;1013
Vaja;3673
Vállaj;1275
Balkány;6177
Biri;1355
Bököny;3127
Érpatak;1784
Geszteréd;1791
Kállósemjén;3708
Nagykálló;9713
Szakoly;2778
Bátorliget;669
Encsencs;1939
Kisléta;1748
Máriapócs;2061
Nyírbátor;12089
Nyírbéltek;2896
Nyírbogát;3088
Nyírcsászári;1212
Nyírderzs;604
Nyírgelse;1132
Nyírgyulaj;2025
Nyírlugos;2735
Nyírmihálydi;2263
Nyírpilis;985
Nyírvasvári;2028
Ömböly;475
Penészlek;1046
Piricse;1894
Pócspetri;1725
Terem;692
Apagy;2398
Kálmánháza;1879
Kótaj;4606
Nagycserkesz;1738
Napkor;3828
Nyíregyháza;119765
Nyírpazony;3720
Nyírtelek;7096
Nyírtura;1953
Rakamaz;4674
Sényő;1429
Szabolcs;351
Timár;1348
Tiszanagyfalu;1906
Újfehértó;12744
Szorgalmatos;1009
Tiszadada;2207
Tiszadob;2735
Tiszaeszlár;2645
Tiszalök;5342
Tiszavasvári;13036
Aranyosapáti;2230
Barabás;1039
Beregdaróc;1038
Beregsurány;1017
Csaroda;622
Gelénes;631
Gemzse;927
Gulács;1078
Gyüre;1304
Hetefejércse;309
Ilk;1360
Jánd;798
Kisvarsány;1046
Lónya;1086
Márokpapi;652
Mátyus;334
Nagyvarsány;1419
Nyírmada;5071
Olcsva;749
Pusztadobos;1529
Tákos;350
Tarpa;2738
Tiszaadony;671
Tiszakerecseny;1057
Tiszaszalka;952
Tiszavid;623
Vámosatya;569
Vásárosnamény;8845
Benk;482
Eperjeske;1242
Győröcske;164
Komoró;1333
Mándok;4276
Tiszabezdéd;1953
Tiszamogyorós;693
Tiszaszentmárton;1212
Tuzsér;3556
Záhony;4452
Zsurk;717
Bácsalmás;6593
Bácsbokod;2602
Bácsborsód;1121
Bácsszőlős;338
Csikéria;778
Katymár;1804
Kunbaja;1518
Madaras;2801
Mátételke;523
Tataháza;1141
Bácsszentgyörgy;158
Baja;35703
Bátmonostor;1541
Csátalja;1489
Csávoly;1766
Dávod;2046
Dunafalva;906
Érsekcsanád;2971
Érsekhalma;606
Felsőszentiván;1854
Gara;2228
Hercegszántó;1935
Nagybaracska;2266
Nemesnádudvar;1804
Sükösd;3662
Szeremle;1396
Vaskút;3469
Borota;1255
Jánoshalma;8626
Kéleshalom;440
Mélykút;5066
Rém;1290
Bátya;2052
Drágszél;336
Dunapataj;3155
Dunaszentbenedek;809
Dunatetétlen;550
Dusnok;3011
Fajsz;1664
Foktő;1572
Géderlak;979
Hajós;2965
Harta;3440
Homokmégy;1302
Kalocsa;15917
Miske;1760
Ordas;455
Öregcsertő;770
Solt;6434
Szakmár;1241
Újsolt;191
Újtelek;392
Uszód;936
Ágasegyháza;1986
Ballószög;3816
Felsőlajos;952
Fülöpháza;900
Fülöpjakab;1156
Helvécia;4889
Jakabszállás;2715
Kecskemét;110116
Kerekegyháza;6799
Kunbaracs;654
Kunszállás;1744
Ladánybene;1712
Lajosmizse;12120
Nyárlőrinc;2340
Orgovány;3456
Városföld;2324
Akasztó;3325
Bócsa;1921
Császártöltés;2280
Csengőd;2113
Fülöpszállás;2337
Imrehegy;668
Izsák;5955
Kaskantyú;978
Kecel;8575
Kiskőrös;14106
Páhi;1174
Soltszentimre;1330
Soltvadkert;7400
Tabdi;1081
Tázlár;1730
Bugac;2680
Bugacpusztaháza;269
Gátér;919
Kiskunfélegyháza;30039
Pálmonostora;1843
Petőfiszállás;1577
Balotaszállás;1538
Harkakötöny;839
Kelebia;2551
Kiskunhalas;28106
Kisszállás;2425
Kunfehértó;2240
Pirtó;953
Tompa;4676
Zsana;763
Csólyospálos;1622
Jászszentlászló;2516
Kiskunmajsa;11549
Kömpöc;700
Móricgát;476
Szank;2391
Apostag;2089
Dunaegyháza;1462
Dunavecse;4027
Kunadacs;1479
Kunpeszér;722
Kunszentmiklós;8417
Szabadszállás;6312
Szalkszentmárton;2849
Tass;2998
Lakitelek;4921
Szentkirály;1916
Tiszaalpár;5016
Tiszakécske;11536
Tiszaug;943
Békés;19284
Bélmegyer;935
Kamut;1045
Köröstarcsa;2472
Mezőberény;10254
Murony;1225
Tarhos;800
Békéscsaba;59057
Csabaszabadi;291
Csorvás;4830
Doboz;4249
Gerendás;1217
Kétsoprony;1361
Szabadkígyós;2627
Telekgerendás;1507
Újkígyós;5102
Csárdaszállás;423
Dévaványa;7477
Ecsegfalva;1200
Gyomaendrőd;13430
Hunya;622
Elek;4785
Gyula;30189
Kétegyháza;3648
Lőkösháza;1795
Almáskamarás;870
Battonya;5926
Dombegyház;2033
Dombiratos;552
Kaszaper;1823
Kevermes;1856
Kisdombegyház;487
Kunágota;2699
Magyarbánhegyes;2196
Magyardombegyház;229
Medgyesbodzás;985
Medgyesegyháza;3501
Mezőhegyes;5051
Mezőkovácsháza;5776
Nagybánhegyes;1240
Nagykamarás;1299
Pusztaottlaka;355
Végegyháza;1299
Békéssámson;2384
Csanádapáca;2542
Gádoros;3662
Kardoskút;815
Nagyszénás;4836
Orosháza;28344
Pusztaföldvár;1622
Tótkomlós;5827
Biharugra;913
Geszt;762
Körösnagyharsány;566
Kötegyán;1417
Méhkerék;2093
Mezőgyán;1042
Okány;2441
Sarkad;10112
Sarkadkeresztúr;1500
Újszalonta;102
Zsadány;1655
Békésszentandrás;3653
Csabacsűd;1736
Kardos;557
Kondoros;4867
Örménykút;333
Szarvas;15683
Bucsa;2286
Füzesgyarmat;5583
Kertészsziget;371
Körösladány;4526
Körösújfalu;502
Szeghalom;8899
Vésztő;6934
Csanytelek;2605
Csongrád;16511
Felgyő;1180
Tömörkény;1695
Hódmezővásárhely;44460
Mártély;1293
Mindszent;6740
Székkutas;2057
Baks;1988
Balástya;3464
Csengele;1919
Kistelek;7353
Ópusztaszer;2139
Pusztaszer;1421
Ambrózfalva;487
Apátfalva;3006
Csanádalberti;463
Csanádpalota;2780
Földeák;3062
Királyhegyes;617
Kiszombor;3869
Kövegy;397
Magyarcsanád;1478
Makó;23291
Maroslele;2038
Nagyér;535
Nagylak;459
Óföldeák;482
Pitvaros;1356
Ásotthalom;3987
Bordány;3289
Forráskút;2079
Mórahalom;6443
Öttömös;701
Pusztamérges;1101
Ruzsa;2509
Üllés;3111
Zákányszék;2896
Zsombó;3532
Algyő;5521
Deszk;3962
Dóc;729
Domaszék;5168
Ferencszállás;636
Klárafalva;511
Kübekháza;1569
Röszke;3649
Sándorfalva;8422
Szatymaz;5008
Szeged;161755
Tiszasziget;1824
Újszentiván;2082
Árpádhalom;482
Derekegyház;1569
Eperjes;467
Fábiánsebestyén;1941
Nagymágocs;2946
Nagytőke;399
Szegvár;4395
Szentes;27161
